process_id,src_ip,dst_ip,src_port,dst_port,timestamp,user
1188,74.229.195.161,247.21.49.181,63688,443,2025-03-01 09:41:40,johndoe
2923,70.136.50.130,168.200.236.123,49147,8080,2025-03-01 09:40:11,user1
3615,87.92.160.5,173.4.34.6,27975,80,2025-03-01 09:35:51,admin
3762,115.179.112.145,65.98.17.12,41616,80,2025-03-01 09:03:52,user1
2022,154.62.61.44,220.66.192.94,59744,80,2025-03-01 09:47:29,user1
7397,76.239.38.232,237.141.218.165,17888,80,2025-03-01 09:53:17,admin
8657,199.31.195.198,86.30.132.135,12684,443,2025-03-01 09:04:44,janedoe
4384,52.201.91.251,28.73.220.111,41260,8080,2025-03-01 09:07:15,janedoe
8069,67.52.17.37,19.128.228.9,59777,443,2025-03-01 09:10:09,admin
9740,10.199.136.77,180.168.200.1,34800,8080,2025-03-01 09:52:37,janedoe
2083,112.206.35.115,1.196.246.62,38198,8080,2025-03-01 09:24:30,johndoe
3100,78.205.28.46,94.174.41.235,50861,443,2025-03-01 09:44:13,user1
2124,142.20.196.97,77.199.54.183,32907,80,2025-03-01 09:43:11,janedoe
2477,49.71.18.98,7.122.250.199,5152,8080,2025-03-01 09:43:55,johndoe
8126,137.230.8.18,87.28.172.21,27599,80,2025-03-01 09:14:27,janedoe
5949,174.76.119.36,10.72.250.9,31905,8080,2025-03-01 09:03:07,user1
8207,167.66.7.88,162.25.157.49,30920,8080,2025-03-01 09:11:39,admin
4616,210.54.58.254,153.112.32.103,28956,443,2025-03-01 09:55:23,janedoe
3868,31.70.164.109,196.23.88.171,5167,80,2025-03-01 09:18:41,user1
2636,107.86.189.84,113.124.20.68,7575,8080,2025-03-01 09:41:48,janedoe
3213,41.8.249.41,2.3.91.45,47340,8080,2025-03-01 09:40:31,johndoe
6432,178.243.64.105,37.138.230.210,16703,80,2025-03-01 09:41:40,admin
5076,47.255.45.154,90.214.2.120,13600,80,2025-03-01 09:36:11,admin
8178,93.112.237.106,71.27.99.57,53230,80,2025-03-01 09:46:46,janedoe
9515,46.81.22.27,166.186.145.107,29510,443,2025-03-01 09:22:49,janedoe
5333,,27.26.90.80,52502,80,2025-03-01 09:33:06,admin
1822,230.120.227.166,108.101.166.117,52074,80,2025-03-01 09:22:15,user1
6813,61.211.102.192,229.112.37.241,39368,443,2025-03-01 09:03:42,janedoe
7717,56.232.91.198,96.69.234.99,42444,443,2025-03-01 09:18:24,user1
2923,33.16.30.143,35.56.238.234,28432,80,2025-03-01 09:51:54,johndoe
7041,227.151.80.87,148.117.44.210,57186,8080,2025-03-01 09:33:23,user1
6183,122.236.142.7,187.219.126.126,22473,443,2025-03-01 09:39:33,user1
7719,238.76.2.213,251.22.20.240,49093,8080,2025-03-01 09:02:17,janedoe
3086,101.245.50.231,127.123.42.6,46450,8080,2025-03-01 09:27:45,user1
1845,92.151.122.46,5.245.156.82,47115,443,2025-03-01 09:58:34,admin
1860,117.237.70.207,48.189.237.0,57410,8080,2025-03-01 09:04:49,janedoe
9967,177.170.16.151,110.138.106.41,41686,443,2025-03-01 09:50:13,admin
1999,243.186.26.56,99.187.238.20,24982,443,2025-03-01 09:11:57,admin
1635,182.104.70.171,62.58.244.107,50383,8080,2025-03-01 09:51:56,user1
2641,91.136.216.141,14.32.190.176,30673,443,2025-03-01 09:34:13,admin
7418,182.149.231.188,205.33.96.234,6745,80,2025-03-01 09:26:40,user1
3589,246.39.55.84,71.57.75.254,10887,80,2025-03-01 09:35:32,admin
4110,107.67.242.177,108.227.10.149,13414,80,2025-03-01 09:01:30,user1
6319,243.171.210.175,168.167.248.227,31039,443,2025-03-01 09:38:43,user1
8460,203.156.87.133,59.247.190.147,51470,80,2025-03-01 09:10:07,johndoe
3804,117.85.82.146,47.89.78.82,16615,80,2025-03-01 09:02:48,johndoe
99999,33.225.133.189,48.105.17.162,65119,443,2025-03-01 09:10:05,johndoe
3174,139.83.154.62,236.12.207.255,51389,80,2025-03-01 09:31:16,johndoe
2747,2.169.151.242,230.148.75.226,23220,8080,2025-03-01 09:07:40,janedoe
5797,11.71.59.157,7.205.112.228,24446,80,2025-03-01 09:22:16,admin
5308,165.99.113.142,51.11.42.228,45396,8080,2025-03-01 09:05:57,janedoe
7022,126.162.28.184,102.75.218.189,26328,443,2025-03-01 09:00:49,johndoe
9866,90.157.228.44,56.227.212.226,19939,80,2025-03-01 09:55:00,janedoe
7564,230.212.71.44,37.106.155.243,57878,8080,2025-03-01 09:22:53,admin
9740,246.192.45.3,105.139.212.89,37449,443,2025-03-01 09:48:29,user1
6314,48.195.148.251,11.154.155.252,37677,8080,2025-03-01 09:31:38,user1
2612,203.1.78.134,77.241.63.147,28362,80,2025-03-01 09:33:34,user1
99999,31.141.252.34,154.185.246.223,57931,443,2025-03-01 09:42:52,janedoe
7765,178.61.191.8,217.132.83.29,10601,443,2025-03-01 09:31:28,user1
7775,42.27.139.184,108.182.24.148,20138,8080,2025-03-01 09:43:37,admin
1567,50.93.48.85,140.165.161.154,18814,8080,2025-03-01 09:47:38,johndoe
2419,137.180.73.6,36.144.190.248,28024,443,2025-03-01 09:11:07,admin
8245,40.113.96.58,107.235.39.59,54687,80,2025-03-01 09:01:11,janedoe
2943,80.185.71.226,228.175.88.155,2908,8080,2025-03-01 09:55:36,admin
8368,33.72.116.157,33.107.66.40,28864,8080,2025-03-01 09:52:05,admin
2020,5.247.220.21,51.55.16.30,31765,80,2025-03-01 09:17:16,admin
2389,78.5.49.63,236.105.102.94,44972,443,2025-03-01 09:01:59,admin
7512,217.142.178.180,42.123.34.50,54736,8080,2025-03-01 09:52:06,admin
8982,56.98.144.87,231.2.50.109,61348,8080,2025-03-01 09:58:06,janedoe
4974,179.94.225.54,47.181.194.217,15066,8080,2025-03-01 09:15:32,janedoe
7818,195.160.63.238,29.69.253.184,47209,443,2025-03-01 09:38:02,admin
1444,84.252.59.197,73.233.159.227,15826,8080,2025-03-01 09:27:48,johndoe
1136,110.96.35.243,241.188.91.6,45205,443,2025-03-01 09:45:52,admin
3527,113.43.61.73,102.205.52.86,5264,443,2025-03-01 09:13:35,johndoe
3579,153.206.62.119,215.217.255.142,51147,8080,2025-03-01 09:52:17,johndoe
5581,203.204.182.243,171.207.248.142,10682,443,2025-03-01 09:07:22,admin
9782,126.254.118.68,8.50.27.34,33669,8080,2025-03-01 09:01:49,user1
7112,155.167.78.155,160.49.39.252,52976,443,2025-03-01 09:13:47,johndoe
1144,###CORRUPT###128.251.133.175,208.9.16.220,58703,80,2025-03-01 09:26:11,janedoe
4396,219.192.226.235,10.16.90.155,59003,8080,2025-03-01 09:11:12,janedoe
2388,35.159.199.249,196.56.251.240,32213,8080,2025-03-01 09:58:19,user1
5896,15.200.134.253,152.193.180.145,22027,80,2025-03-01 09:01:55,admin
3634,215.187.178.13,196.174.194.49,29083,443,2025-03-01 09:24:23,janedoe
5516,15.125.126.120,166.159.43.33,57970,443,2025-03-01 09:07:48,johndoe
2592,6.166.19.235,169.216.215.136,2361,8080,2025-03-01 09:32:03,admin
3399,97.199.165.50,207.250.51.105,23041,443,2025-03-01 09:34:19,johndoe
2775,158.153.186.223,52.254.38.109,19856,443,2025-03-01 09:03:14,johndoe
1145,103.115.47.48,152.172.139.34,38145,8080,2025-03-01 09:32:26,janedoe
7626,89.39.154.153,111.160.102.212,27389,443,2025-03-01 09:42:39,janedoe
9762,196.92.9.95,148.255.109.239,18583,8080,2025-03-01 09:36:22,janedoe
3354,145.30.102.186,119.75.123.77,49942,8080,2025-03-01 09:52:15,johndoe
9589,112.210.163.32,163.104.211.136,55006,443,2025-03-01 09:44:06,user1
8612,176.120.207.122,30.76.98.14,17118,443,2025-03-01 09:31:41,janedoe
3821,254.223.216.18,52.81.139.69,2933,443,2025-03-01 09:53:54,johndoe
9608,141.90.21.248,201.10.28.42,21596,8080,2025-03-01 09:20:20,admin
6393,245.208.186.46,102.71.120.57,38443,8080,2025-03-01 09:34:09,admin
6878,171.128.254.46,61.62.160.168,55571,8080,2025-03-01 09:50:19,janedoe
6868,192.120.216.111,37.54.89.109,64588,443,2025-03-01 09:30:00,janedoe
6850,221.28.251.191,180.57.162.216,32144,8080,2025-03-01 09:16:49,johndoe
5989,201.74.185.243,184.188.157.10,43320,8080,2025-03-01 09:02:22,admin
3435,235.122.129.196,80.185.62.121,57230,443,2025-03-01 09:26:31,admin
1100,246.201.130.154,24.120.152.107,57346,80,2025-03-01 09:29:57,johndoe
5989,208.208.17.140,222.41.251.241,49320,443,2025-03-01 09:57:25,johndoe
7971,109.51.82.133,130.33.180.215,40484,8080,2025-03-01 09:55:31,johndoe
4568,,178.14.26.94,42321,443,2025-03-01 09:54:00,user1
3664,103.102.156.160,148.42.56.80,17382,8080,2025-03-01 09:48:42,user1
5994,153.210.163.231,123.68.133.88,46077,8080,2025-03-01 09:56:26,johndoe
6905,73.101.43.212,95.93.201.193,62939,8080,2025-03-01 09:15:19,admin
7389,6.117.45.236,51.134.86.25,27306,8080,2025-03-01 09:29:16,johndoe
8269,23.188.87.60,4.222.232.253,8790,80,2025-03-01 09:48:42,user1
2527,243.136.147.253,98.66.220.105,40351,80,2025-03-01 09:56:15,johndoe
2492,174.96.214.92,105.74.14.148,64995,443,2025-03-01 09:16:04,janedoe
6728,64.189.234.43,3.240.68.165,64882,8080,2025-03-01 09:27:08,user1
8796,99.216.131.37,25.30.26.170,62042,80,2025-03-01 09:32:08,johndoe
3247,,241.23.2.129,34089,8080,2025-03-01 09:26:00,johndoe
8803,102.189.67.21,149.91.133.86,34037,443,2025-03-01 09:23:09,janedoe
1845,23.162.221.72,67.59.160.22,65152,80,2025-03-01 09:34:04,johndoe
1108,###CORRUPT###93.220.144.134,157.135.160.223,59526,80,2025-03-01 09:21:32,janedoe
1324,244.77.225.27,49.76.27.117,13026,80,2025-03-01 09:32:06,johndoe
2233,181.239.223.59,255.253.20.226,24388,8080,2025-03-01 09:38:17,janedoe
4314,127.57.75.63,90.47.104.145,12863,80,2025-03-01 09:51:11,johndoe
6094,229.108.2.92,107.39.126.255,45385,80,2025-03-01 09:22:26,admin
3804,175.62.201.191,152.54.165.78,2916,80,2025-03-01 09:31:25,janedoe
4568,161.137.2.168,249.22.231.166,63114,8080,2025-03-01 09:50:07,user1
2443,221.24.144.165,205.28.36.195,7089,443,2025-03-01 09:17:25,user1
3267,248.204.45.10,219.106.83.198,52108,443,2025-03-01 09:19:27,user1
3441,77.251.221.158,232.67.183.49,55553,443,2025-03-01 09:34:59,user1
3938,115.198.243.137,145.216.46.216,54173,443,2025-03-01 09:41:54,user1
3733,162.218.47.20,132.174.237.114,43465,8080,2025-03-01 09:48:43,user1
2735,127.42.148.239,112.40.244.153,10763,80,2025-03-01 09:46:42,johndoe
2352,64.218.151.24,142.39.23.55,34490,443,2025-03-01 09:28:11,admin
3246,170.129.181.130,150.41.8.58,49554,8080,2025-03-01 09:31:35,user1
5664,47.201.23.42,107.152.160.232,50657,8080,2025-03-01 09:30:42,johndoe
2904,248.95.108.94,21.132.54.222,36044,80,2025-03-01 09:00:23,janedoe
4929,4.87.244.235,178.207.249.155,41557,8080,2025-03-01 09:24:37,janedoe
9787,78.44.64.69,4.97.57.8,46639,80,2025-03-01 09:58:38,admin
7626,124.74.123.223,216.97.44.154,51468,443,2025-03-01 09:10:06,janedoe
8412,6.59.85.78,190.227.248.241,2310,443,2025-03-01 09:39:57,user1
8259,76.200.26.170,3.52.221.212,56638,443,2025-03-01 09:50:19,johndoe
4853,125.204.248.249,60.31.9.216,38799,443,2025-03-01 09:37:46,admin
4866,229.213.242.59,127.177.229.223,2387,80,2025-03-01 09:19:39,user1
1439,89.224.118.112,151.173.239.67,58903,443,2025-03-01 09:49:21,janedoe
4878,,107.184.241.82,41777,80,2025-03-01 09:19:16,admin
9810,124.66.88.102,41.251.51.212,62828,443,2025-03-01 09:20:43,user1
7626,143.24.9.183,226.133.182.81,12474,8080,2025-03-01 09:02:10,admin
7813,111.58.116.61,144.114.249.132,23327,443,2025-03-01 09:52:31,admin
8289,225.136.77.53,181.25.224.234,64112,80,2025-03-01 09:07:13,admin
8515,144.21.53.85,162.60.105.185,11315,8080,2025-03-01 09:19:56,janedoe
8807,130.255.50.78,166.186.171.70,9083,80,2025-03-01 09:29:58,janedoe
5773,197.3.125.242,88.146.87.43,18457,443,2025-03-01 09:48:49,janedoe
3365,162.125.77.215,202.116.70.219,28117,443,2025-03-01 09:31:19,johndoe
8972,8.226.74.5,184.35.43.173,21655,443,2025-03-01 09:52:43,user1
3733,16.201.18.77,232.29.151.214,27369,8080,2025-03-01 09:47:50,johndoe
7980,191.160.176.4,212.143.75.206,30265,8080,2025-03-01 09:14:00,janedoe
6309,89.207.101.154,22.18.171.199,48544,8080,2025-03-01 09:50:31,user1
3615,254.145.109.47,131.159.174.81,2558,80,2025-03-01 09:54:22,johndoe
5469,214.155.216.56,188.30.190.132,42114,8080,2025-03-01 09:24:11,admin
3647,194.63.229.152,147.2.232.173,65442,80,2025-03-01 09:54:58,user1
9715,77.145.71.193,134.126.53.167,34870,8080,2025-03-01 09:13:08,johndoe
6533,26.75.217.210,21.47.31.217,59253,80,2025-03-01 09:32:30,user1
6747,20.189.206.202,224.135.255.216,29865,8080,2025-03-01 09:33:25,janedoe
8515,42.73.65.248,183.234.66.60,46536,80,2025-03-01 09:31:05,janedoe
5673,192.80.189.60,155.209.56.61,25245,8080,2025-03-01 09:19:46,admin
9064,40.60.190.156,254.191.155.150,32869,80,2025-03-01 09:54:00,user1
7730,201.215.24.156,228.145.110.93,54706,8080,2025-03-01 09:33:22,admin
5982,141.178.34.22,107.246.158.231,60025,443,2025-03-01 09:53:20,janedoe
9209,214.67.70.235,195.230.229.76,57800,8080,2025-03-01 09:22:12,admin
6316,160.209.198.119,231.202.173.23,63812,8080,2025-03-01 09:30:14,johndoe
9747,23.84.12.158,144.63.43.98,63621,8080,2025-03-01 09:36:59,admin
8444,146.96.243.9,31.92.9.140,52584,80,2025-03-01 09:16:44,janedoe
6529,207.164.205.23,126.11.174.223,12853,443,2025-03-01 09:01:38,johndoe
7112,66.46.58.50,139.86.146.73,12995,443,2025-03-01 09:52:26,admin
2210,79.208.86.30,158.166.92.13,47770,80,2025-03-01 09:20:20,janedoe
1166,82.72.211.165,67.192.61.26,14298,80,2025-03-01 09:51:20,user1
4974,131.197.58.137,16.162.237.208,5313,443,2025-03-01 09:01:58,janedoe
5783,###CORRUPT###60.9.137.51,64.64.155.208,30251,80,2025-03-01 09:57:46,user1
8816,248.72.191.86,201.125.216.231,3762,80,2025-03-01 09:55:28,janedoe
8889,213.148.85.0,16.246.139.128,56040,8080,2025-03-01 09:25:57,johndoe
2393,162.108.144.23,42.35.153.45,26930,8080,2025-03-01 09:08:23,user1
4764,143.143.221.107,157.162.175.133,65225,8080,2025-03-01 09:30:54,johndoe
3392,170.164.174.107,118.168.8.68,43389,80,2025-03-01 09:41:33,janedoe
3803,231.4.88.211,143.250.201.41,52620,8080,2025-03-01 09:44:27,admin
5831,8.227.63.180,249.192.183.198,12636,8080,2025-03-01 09:00:34,admin
2975,95.98.227.4,57.10.143.183,13574,80,2025-03-01 09:55:43,johndoe
6303,184.113.119.252,248.185.18.143,33322,8080,2025-03-01 09:48:15,user1
4483,51.202.56.142,146.252.87.99,44267,8080,2025-03-01 09:38:37,user1
8618,151.65.33.65,67.116.140.98,56576,8080,2025-03-01 09:01:34,johndoe
5107,144.232.1.218,165.26.165.221,56358,443,2025-03-01 09:18:42,admin
9992,133.238.253.185,133.22.114.24,19238,443,2025-03-01 09:36:20,janedoe
5715,2.200.99.171,21.12.115.216,63792,80,2025-03-01 09:17:03,user1
2479,85.159.32.49,8.245.221.12,39856,8080,2025-03-01 09:22:49,johndoe
4533,28.242.122.174,214.27.170.121,62860,80,2025-03-01 09:52:57,janedoe
1324,25.228.63.43,250.31.17.193,21555,8080,2025-03-01 09:04:26,user1
7691,###CORRUPT###236.226.28.154,157.221.33.52,45428,80,2025-03-01 09:38:10,admin
9148,218.195.205.49,159.210.119.5,30738,443,2025-03-01 09:31:41,janedoe
1893,159.51.173.13,117.168.98.55,7753,80,2025-03-01 09:40:37,admin
3595,203.99.64.131,91.215.246.227,13208,80,2025-03-01 09:09:23,admin
1027,33.159.223.183,80.74.75.240,21253,8080,2025-03-01 09:23:24,johndoe
5285,249.4.74.29,61.27.216.176,13830,80,2025-03-01 09:43:43,user1
5308,18.174.96.243,178.239.169.171,41400,443,2025-03-01 09:28:34,johndoe
5210,27.232.21.253,57.1.114.117,31598,8080,2025-03-01 09:14:33,user1
9133,189.169.192.105,103.94.3.185,1672,80,2025-03-01 09:24:25,admin
6238,30.72.148.225,50.184.22.15,14073,80,2025-03-01 09:19:23,user1
9312,227.134.89.173,217.125.91.100,2432,80,2025-03-01 09:57:32,johndoe
3877,26.10.70.194,168.56.173.107,21017,443,2025-03-01 09:16:23,johndoe
2128,96.87.222.33,31.73.66.97,13586,8080,2025-03-01 09:25:49,johndoe
8247,154.219.125.23,196.96.150.76,22498,80,2025-03-01 09:03:38,johndoe
4166,33.250.107.41,201.240.33.85,34356,443,2025-03-01 09:51:17,johndoe
9280,133.237.91.164,183.191.247.253,32072,443,2025-03-01 09:39:40,janedoe
9689,236.18.106.112,230.103.231.120,26969,80,2025-03-01 09:20:53,janedoe
2926,97.80.191.130,141.43.68.43,20360,443,2025-03-01 09:35:25,johndoe
6072,150.21.238.172,110.230.239.221,27825,443,2025-03-01 09:54:55,janedoe
3399,70.195.12.91,114.119.135.38,24557,80,2025-03-01 09:20:06,admin
5308,71.116.50.60,19.184.19.102,22897,80,2025-03-01 09:46:05,johndoe
9782,78.140.97.70,219.133.4.153,19495,443,2025-03-01 09:53:27,janedoe
7208,104.6.241.76,222.203.116.116,48428,8080,2025-03-01 09:14:19,janedoe
6517,133.239.236.174,203.43.160.96,29125,8080,2025-03-01 09:28:30,user1
3755,116.15.191.71,148.65.156.4,33778,8080,2025-03-01 09:56:57,johndoe
2279,58.214.217.206,196.153.166.11,38220,80,2025-03-01 09:09:29,user1
8803,244.169.200.195,53.200.32.197,13366,443,2025-03-01 09:07:24,johndoe
1500,247.231.155.47,44.53.90.16,55187,8080,2025-03-01 09:41:11,janedoe
2612,48.101.35.197,73.105.119.149,44249,8080,2025-03-01 09:04:46,janedoe
3925,95.5.87.167,221.210.200.80,8281,80,2025-03-01 09:36:37,janedoe
2083,191.35.199.105,34.105.158.221,54625,8080,2025-03-01 09:45:22,janedoe
4115,155.158.103.234,71.103.3.73,30235,80,2025-03-01 09:56:17,janedoe
1152,207.126.168.251,118.236.20.46,19892,8080,2025-03-01 09:31:09,johndoe
6781,216.152.200.89,107.127.91.221,31028,443,2025-03-01 09:44:59,user1
9918,146.48.201.22,62.80.140.149,44714,80,2025-03-01 09:47:39,user1
5168,,127.210.62.188,6039,80,2025-03-01 09:34:26,johndoe
9939,116.84.129.106,130.22.236.13,5820,8080,2025-03-01 09:47:24,janedoe
9625,88.204.99.203,10.5.128.58,47495,80,2025-03-01 09:22:19,janedoe
3734,119.34.42.124,183.224.71.241,54791,443,2025-03-01 09:57:27,user1
9850,215.9.51.90,76.63.200.86,6108,8080,2025-03-01 09:52:07,admin
7456,70.78.225.183,46.110.17.110,29994,8080,2025-03-01 09:03:15,admin
9856,177.157.227.26,154.2.24.193,51297,80,2025-03-01 09:17:02,johndoe
5168,62.102.46.8,108.14.7.172,54798,80,2025-03-01 09:46:25,admin
7041,246.49.85.85,12.212.55.167,22171,8080,2025-03-01 09:42:47,user1
2226,54.202.219.61,60.109.54.182,22216,80,2025-03-01 09:01:01,janedoe
4170,81.6.199.108,118.112.33.142,43618,8080,2025-03-01 09:25:11,admin
6085,227.111.210.154,197.255.52.87,17535,80,2025-03-01 09:40:57,johndoe
6439,179.198.68.170,45.162.246.34,22985,80,2025-03-01 09:41:32,janedoe
7112,131.119.6.119,6.63.158.121,49383,443,2025-03-01 09:51:41,user1
3140,21.30.70.191,128.151.103.77,25649,80,2025-03-01 09:43:49,admin
4178,237.227.168.68,72.162.20.212,43494,443,2025-03-01 09:51:14,admin
6731,217.169.175.124,53.27.127.113,40874,443,2025-03-01 09:35:35,johndoe
8504,114.3.33.251,18.98.26.72,62514,80,2025-03-01 09:08:34,admin
7018,152.104.120.40,110.239.159.84,48319,80,2025-03-01 09:16:43,janedoe
2124,156.127.155.146,148.229.103.139,57543,443,2025-03-01 09:05:27,johndoe
99999,97.85.241.225,109.221.79.246,2322,443,2025-03-01 09:29:10,admin
7906,233.153.78.89,66.194.237.156,30751,443,2025-03-01 09:25:36,janedoe
9702,,86.69.240.100,11164,80,2025-03-01 09:00:17,admin
6599,129.191.251.207,237.212.202.191,26192,443,2025-03-01 09:21:00,admin
6339,227.19.63.197,239.83.99.223,63748,443,2025-03-01 09:52:39,johndoe
7098,182.250.188.29,167.197.217.126,16906,443,2025-03-01 09:02:21,johndoe
6439,181.14.75.133,155.233.75.130,17238,8080,2025-03-01 09:39:28,user1
1188,30.47.196.203,181.41.96.216,11891,443,2025-03-01 09:17:15,johndoe
7438,248.195.157.210,193.45.55.176,54385,80,2025-03-01 09:18:21,user1
9856,192.203.157.3,253.86.251.0,7372,80,2025-03-01 09:52:49,janedoe
4300,107.147.220.87,46.191.95.68,14001,443,2025-03-01 09:12:25,admin
8405,146.108.95.102,16.93.98.132,65442,443,2025-03-01 09:30:05,admin
2749,163.85.40.150,22.193.63.141,5235,443,2025-03-01 09:02:01,user1
2083,125.51.4.31,69.3.21.49,14856,8080,2025-03-01 09:54:03,admin
1794,155.136.248.242,194.172.219.172,25323,8080,2025-03-01 09:23:25,johndoe
9026,62.184.204.193,157.29.182.169,53863,80,2025-03-01 09:00:12,janedoe
2302,179.205.71.13,155.62.143.127,25169,443,2025-03-01 09:42:12,janedoe
1999,106.96.1.164,5.184.23.166,45452,443,2025-03-01 09:15:56,janedoe
7311,190.41.178.219,241.243.51.197,20282,8080,2025-03-01 09:13:19,user1
4783,134.16.65.254,204.44.154.239,12037,443,2025-03-01 09:07:53,janedoe
1653,139.123.124.108,44.45.54.222,47932,80,2025-03-01 09:10:56,johndoe
7996,99.143.112.131,171.243.63.69,61496,8080,2025-03-01 09:43:15,janedoe
7498,204.170.114.33,165.175.193.195,43879,8080,2025-03-01 09:53:35,janedoe
6303,60.114.132.59,75.44.57.45,23321,8080,2025-03-01 09:40:25,user1
5408,242.59.188.65,219.160.194.0,21392,80,2025-03-01 09:40:16,user1
5994,100.216.163.186,205.64.113.54,26931,80,2025-03-01 09:36:44,janedoe
5715,38.151.112.255,175.233.75.145,10583,8080,2025-03-01 09:45:25,admin
8105,82.158.63.140,218.244.110.253,20127,8080,2025-03-01 09:25:42,admin
9873,86.78.107.115,180.26.91.249,48694,443,2025-03-01 09:20:25,user1
4608,141.200.172.216,174.242.178.200,26652,80,2025-03-01 09:36:02,johndoe
5105,179.99.201.49,34.165.27.155,31008,8080,2025-03-01 09:11:10,user1
2677,179.247.149.74,54.111.100.4,24762,8080,2025-03-01 09:58:26,admin
4469,202.75.192.218,174.86.28.49,24327,443,2025-03-01 09:12:15,admin
8381,,251.173.222.76,42113,8080,2025-03-01 09:27:34,user1
4566,31.123.203.250,78.88.192.45,51993,443,2025-03-01 09:59:02,janedoe
5914,162.227.188.5,31.59.42.62,33085,8080,2025-03-01 09:45:39,user1
6413,151.245.140.48,204.92.196.247,43268,8080,2025-03-01 09:29:36,johndoe
2480,33.50.166.32,183.94.207.10,26831,8080,2025-03-01 09:55:48,janedoe
9977,133.63.106.60,47.92.2.228,53486,443,2025-03-01 09:08:23,admin
3634,148.105.82.44,144.131.17.43,65244,80,2025-03-01 09:34:33,johndoe
1844,248.87.216.0,64.153.23.150,44222,8080,2025-03-01 09:30:22,user1
5950,126.160.180.107,177.50.22.121,3431,80,2025-03-01 09:09:40,johndoe
2767,214.110.68.110,152.183.142.65,48806,8080,2025-03-01 09:28:48,admin
1999,66.133.195.83,103.233.42.130,45360,443,2025-03-01 09:47:24,user1
1788,53.36.137.98,183.190.83.214,54866,80,2025-03-01 09:21:35,janedoe
9673,7.126.39.138,32.56.208.33,22608,8080,2025-03-01 09:06:04,johndoe
1100,86.139.74.115,71.5.50.193,65215,80,2025-03-01 09:25:50,admin
8816,237.63.89.156,151.250.48.178,46929,8080,2025-03-01 09:59:04,johndoe
4860,70.50.24.87,82.199.92.176,53851,8080,2025-03-01 09:46:16,janedoe
2294,152.65.132.4,176.79.64.73,25849,8080,2025-03-01 09:50:12,johndoe
7267,236.189.127.214,181.234.93.224,24223,443,2025-03-01 09:34:17,johndoe
4292,244.219.117.156,163.44.156.208,51524,443,2025-03-01 09:57:42,admin
3689,21.39.122.47,43.29.43.146,37341,443,2025-03-01 09:55:10,admin
8617,243.217.69.245,128.63.207.7,41412,80,2025-03-01 09:56:45,admin
2526,109.176.125.21,156.229.86.115,12480,80,2025-03-01 09:25:03,user1
1567,91.26.216.253,98.87.191.57,23172,8080,2025-03-01 09:17:03,admin
9437,77.247.150.135,55.1.201.111,61517,443,2025-03-01 09:43:53,admin
3354,119.249.29.182,2.235.168.152,24216,80,2025-03-01 09:00:21,johndoe
1200,185.95.205.181,3.51.220.251,13970,80,2025-03-01 09:36:07,user1
8183,32.249.3.79,197.128.115.240,26934,443,2025-03-01 09:20:25,johndoe
6993,229.93.137.55,254.224.224.82,10190,443,2025-03-01 09:51:00,janedoe
4598,92.101.56.97,73.20.68.202,28618,8080,2025-03-01 09:22:36,admin
2476,171.101.245.136,31.215.250.253,53441,8080,2025-03-01 09:48:45,user1
3868,193.204.199.67,29.55.10.64,11217,443,2025-03-01 09:34:08,admin
3745,176.121.26.175,110.4.222.245,19994,443,2025-03-01 09:33:10,admin
7527,110.126.78.95,64.143.58.134,46961,80,2025-03-01 09:45:29,janedoe
7163,122.52.92.96,255.76.117.61,9694,443,2025-03-01 09:02:37,johndoe
6400,238.74.218.9,158.102.46.26,25950,443,2025-03-01 09:35:50,johndoe
2275,163.118.113.172,110.245.31.218,43220,80,2025-03-01 09:20:46,admin
99999,94.143.179.214,64.163.24.93,3703,80,2025-03-01 09:03:33,johndoe
9584,74.241.143.51,111.94.129.251,24851,443,2025-03-01 09:20:46,admin
6511,172.6.66.169,93.185.190.121,43638,443,2025-03-01 09:14:20,janedoe
4908,228.54.66.61,11.97.98.228,61677,80,2025-03-01 09:05:06,johndoe
6990,186.242.103.78,12.65.98.214,37101,8080,2025-03-01 09:17:14,johndoe
3381,94.229.60.223,18.247.214.11,11964,8080,2025-03-01 09:18:42,user1
3353,12.31.97.203,127.38.84.224,50223,8080,2025-03-01 09:26:13,janedoe
4977,156.139.105.94,1.81.111.4,58640,8080,2025-03-01 09:31:05,johndoe
3440,219.112.151.137,142.60.87.114,4013,8080,2025-03-01 09:16:15,johndoe
8491,164.75.142.68,70.26.127.107,36059,80,2025-03-01 09:00:05,johndoe
8414,155.188.166.42,243.135.68.209,59897,8080,2025-03-01 09:20:07,johndoe
3925,161.5.182.112,188.143.90.131,64699,80,2025-03-01 09:36:41,admin
6990,191.195.131.105,210.226.112.166,18639,80,2025-03-01 09:39:42,janedoe
2747,115.118.222.188,38.245.47.253,12919,443,2025-03-01 09:12:37,user1
7532,146.251.92.144,6.158.83.90,54599,443,2025-03-01 09:46:55,user1
2746,37.36.218.125,117.206.51.70,48653,80,2025-03-01 09:41:11,admin
7114,99.10.56.6,196.22.67.127,51494,80,2025-03-01 09:18:16,user1
7646,161.6.4.54,139.173.43.103,10148,443,2025-03-01 09:51:51,janedoe
4139,42.157.169.245,40.124.28.136,42146,8080,2025-03-01 09:08:24,admin
7579,12.52.151.52,131.212.72.0,60803,80,2025-03-01 09:01:38,user1
4371,99.75.180.146,58.196.57.251,12136,80,2025-03-01 09:15:19,admin
7813,245.144.182.39,158.170.60.184,61534,80,2025-03-01 09:02:57,user1
3129,110.171.92.217,39.154.146.178,58394,80,2025-03-01 09:18:30,janedoe
1144,95.135.39.1,221.76.75.163,10708,443,2025-03-01 09:30:29,janedoe
1717,18.57.218.142,38.46.165.65,12943,443,2025-03-01 09:24:04,johndoe
4817,109.246.211.170,36.125.196.214,37025,443,2025-03-01 09:36:46,janedoe
9129,138.117.196.42,149.215.112.44,16437,443,2025-03-01 09:00:11,user1
5999,5.185.242.68,236.56.30.178,24673,80,2025-03-01 09:20:07,janedoe
2644,214.215.124.107,212.114.28.70,8707,8080,2025-03-01 09:48:03,user1
7114,188.13.217.190,14.54.37.244,55906,8080,2025-03-01 09:59:25,user1
2604,38.187.72.40,63.39.6.213,10835,80,2025-03-01 09:32:04,user1
9066,136.153.240.210,185.172.227.6,19817,80,2025-03-01 09:10:38,admin
2481,165.16.88.82,3.202.216.232,37341,8080,2025-03-01 09:56:37,johndoe
3867,147.156.116.216,239.80.139.47,35201,443,2025-03-01 09:08:32,user1
4977,159.28.112.200,48.39.239.244,21549,8080,2025-03-01 09:43:49,janedoe
7145,98.84.27.190,166.217.99.138,8128,80,2025-03-01 09:05:18,johndoe
2771,200.171.14.122,73.83.54.33,14911,8080,2025-03-01 09:00:44,johndoe
4522,142.103.16.123,69.43.22.247,4017,80,2025-03-01 09:21:28,admin
8972,80.4.182.144,246.203.99.161,50296,443,2025-03-01 09:49:32,johndoe
7765,###CORRUPT###34.49.169.208,230.51.76.12,39505,443,2025-03-01 09:32:33,admin
9437,42.77.237.40,227.47.118.110,53942,8080,2025-03-01 09:44:39,user1
5773,184.82.174.229,202.67.173.148,24637,8080,2025-03-01 09:58:25,janedoe
8491,229.198.122.106,157.38.78.254,7407,80,2025-03-01 09:09:44,johndoe
7249,223.44.255.48,117.160.86.151,11606,80,2025-03-01 09:19:07,johndoe
8314,23.36.91.235,67.242.131.226,43641,80,2025-03-01 09:08:27,janedoe
8491,94.146.205.209,220.66.225.187,34609,8080,2025-03-01 09:21:24,johndoe
1823,175.211.230.134,225.21.29.125,46882,8080,2025-03-01 09:00:32,user1
1301,27.148.192.81,146.204.37.114,26466,443,2025-03-01 09:45:40,admin
1056,120.239.238.55,22.92.55.203,51369,443,2025-03-01 09:13:37,janedoe
3662,17.162.175.248,55.243.58.142,30815,80,2025-03-01 09:37:12,user1
5910,121.74.109.163,146.16.194.31,62395,443,2025-03-01 09:53:54,janedoe
8717,55.27.108.11,244.216.138.129,42684,80,2025-03-01 09:05:42,user1
7291,71.207.41.152,224.231.214.109,44909,443,2025-03-01 09:12:33,admin
6688,230.219.175.152,43.101.178.214,32587,443,2025-03-01 09:36:33,user1
8438,179.223.181.199,211.5.101.39,48388,8080,2025-03-01 09:39:29,user1
2465,171.162.7.77,230.234.75.255,57666,443,2025-03-01 09:07:45,janedoe
9937,134.1.230.64,163.230.49.18,15351,8080,2025-03-01 09:12:48,janedoe
9485,140.85.193.110,90.107.97.7,25289,443,2025-03-01 09:01:06,johndoe
5659,79.63.255.233,106.210.180.180,55299,8080,2025-03-01 09:29:04,johndoe
8381,238.90.234.219,96.90.83.223,26030,443,2025-03-01 09:57:41,janedoe
3689,73.50.44.53,23.8.210.53,33556,8080,2025-03-01 09:51:19,admin
5783,114.16.148.215,55.114.232.195,8527,80,2025-03-01 09:58:27,janedoe
2022,32.179.237.211,233.202.3.191,52286,80,2025-03-01 09:34:38,johndoe
4866,226.135.157.212,173.123.2.212,3165,80,2025-03-01 09:01:47,user1
5410,96.162.171.87,246.220.123.200,13650,8080,2025-03-01 09:43:59,janedoe
7505,14.219.65.199,251.88.206.162,34924,80,2025-03-01 09:29:51,user1
1166,182.64.60.200,216.133.81.165,14377,80,2025-03-01 09:06:22,admin
7809,3.78.14.40,147.195.12.66,65473,443,2025-03-01 09:43:18,johndoe
8433,62.113.152.99,138.125.193.133,44229,80,2025-03-01 09:18:46,admin
3354,37.11.52.56,118.62.54.72,19535,443,2025-03-01 09:12:19,admin
2020,127.185.106.200,26.251.11.211,5845,443,2025-03-01 09:42:42,admin
6321,176.214.192.160,163.230.82.92,20603,80,2025-03-01 09:12:11,admin
8381,250.175.177.247,255.2.81.130,61748,80,2025-03-01 09:13:09,admin
1788,6.78.110.186,30.111.15.167,10104,80,2025-03-01 09:05:41,user1
4866,71.246.102.47,90.150.239.253,29601,8080,2025-03-01 09:27:18,user1
9782,45.101.143.201,27.159.84.105,63529,8080,2025-03-01 09:33:18,janedoe
4308,115.216.139.163,160.55.196.219,14112,8080,2025-03-01 09:24:05,johndoe
8460,162.32.230.85,228.17.129.209,20257,8080,2025-03-01 09:56:26,johndoe
3170,8.58.92.165,110.95.183.125,5784,80,2025-03-01 09:44:50,johndoe
5836,38.160.62.4,82.5.168.109,31522,8080,2025-03-01 09:54:17,johndoe
6289,60.33.197.145,155.108.111.52,37786,443,2025-03-01 09:48:53,admin
1145,229.215.222.162,209.163.101.100,4278,443,2025-03-01 09:34:02,admin
5914,108.61.63.231,44.167.196.121,38799,80,2025-03-01 09:19:27,admin
6657,201.2.236.145,34.206.18.20,23135,8080,2025-03-01 09:01:06,admin
7418,25.212.154.140,82.177.204.40,37491,443,2025-03-01 09:33:42,admin
1485,77.232.252.62,216.191.52.14,15705,80,2025-03-01 09:56:21,admin
5634,27.165.223.115,44.45.97.188,54511,8080,2025-03-01 09:00:20,admin
5150,227.22.56.24,243.155.38.135,22606,8080,2025-03-01 09:41:49,janedoe
9674,179.87.70.235,31.64.163.75,50374,8080,2025-03-01 09:58:02,janedoe
8381,115.62.123.244,170.250.143.164,51659,8080,2025-03-01 09:32:57,user1
6688,68.151.42.180,143.124.105.39,5948,443,2025-03-01 09:04:06,user1
2827,172.110.239.197,49.249.53.174,14698,8080,2025-03-01 09:51:59,johndoe
8972,242.159.232.78,218.54.66.112,61100,443,2025-03-01 09:26:19,janedoe
7737,159.103.204.96,18.142.216.84,45999,443,2025-03-01 09:59:22,admin
9864,119.54.56.123,5.235.95.136,2897,443,2025-03-01 09:45:11,janedoe
1256,68.60.43.181,111.108.77.203,33935,443,2025-03-01 09:34:40,johndoe
7267,113.139.189.50,13.195.216.99,20291,80,2025-03-01 09:27:29,user1
7609,71.252.221.55,175.25.127.56,15414,80,2025-03-01 09:03:37,admin
7943,69.122.33.51,71.115.207.200,26772,80,2025-03-01 09:15:00,johndoe
6038,53.87.104.177,164.147.147.1,7200,80,2025-03-01 09:34:21,janedoe
9813,79.122.87.161,175.35.85.95,22792,443,2025-03-01 09:09:40,admin
4453,122.219.171.10,46.135.39.87,45536,80,2025-03-01 09:40:33,johndoe
3077,122.0.250.126,121.56.23.8,38200,8080,2025-03-01 09:19:50,user1
4300,129.85.75.48,26.155.171.231,33180,8080,2025-03-01 09:23:56,johndoe
1404,125.129.186.234,4.180.154.170,59440,8080,2025-03-01 09:52:52,janedoe
7818,70.10.75.210,220.112.72.182,33649,80,2025-03-01 09:16:40,janedoe
4012,53.45.99.193,164.55.140.230,63827,8080,2025-03-01 09:11:56,johndoe
3877,174.178.169.200,151.213.141.158,13513,80,2025-03-01 09:39:33,johndoe
6319,157.62.221.232,146.177.147.56,64559,80,2025-03-01 09:34:03,user1
7745,175.76.148.83,78.249.147.33,53438,443,2025-03-01 09:01:03,janedoe
2200,56.144.63.27,126.156.2.220,24109,8080,2025-03-01 09:56:56,admin
6862,65.70.179.145,202.79.44.138,10372,8080,2025-03-01 09:13:25,janedoe
6499,236.41.148.112,9.242.181.127,54220,8080,2025-03-01 09:43:29,janedoe
8412,103.50.133.154,153.159.88.223,45517,443,2025-03-01 09:54:54,user1
4170,197.102.128.69,107.102.154.156,6633,443,2025-03-01 09:38:41,janedoe
2342,47.192.223.49,36.226.160.183,31719,443,2025-03-01 09:29:11,janedoe
2901,247.210.236.14,234.13.215.45,50559,80,2025-03-01 09:41:59,johndoe
5664,63.191.65.150,14.201.64.206,44938,80,2025-03-01 09:31:35,janedoe
3509,14.43.28.138,213.54.170.49,54890,443,2025-03-01 09:38:36,janedoe
3435,###CORRUPT###85.31.62.27,180.104.73.253,9963,80,2025-03-01 09:46:07,user1
6990,161.159.3.248,160.102.58.34,1026,80,2025-03-01 09:41:13,admin
3615,25.126.104.53,122.12.227.200,4671,80,2025-03-01 09:20:28,janedoe
2262,252.94.120.133,211.224.63.221,10608,8080,2025-03-01 09:01:28,user1
7730,210.123.87.102,122.245.148.148,44771,80,2025-03-01 09:40:11,janedoe
5637,171.140.200.197,179.54.237.213,54337,443,2025-03-01 09:10:06,admin
9740,118.61.199.5,149.155.17.227,3817,443,2025-03-01 09:09:30,janedoe
7440,186.234.141.4,252.81.183.107,23885,8080,2025-03-01 09:35:50,janedoe
6799,17.89.77.180,168.173.235.71,19265,8080,2025-03-01 09:20:40,janedoe
8784,235.247.192.241,156.92.132.66,46752,443,2025-03-01 09:40:11,johndoe
5813,159.206.34.23,8.81.118.49,44622,80,2025-03-01 09:34:05,janedoe
2465,195.118.121.53,231.89.196.215,61472,80,2025-03-01 09:04:13,johndoe
6003,10.37.226.191,156.15.89.164,8079,8080,2025-03-01 09:30:41,janedoe
8941,254.102.100.129,126.224.146.115,14209,8080,2025-03-01 09:11:03,janedoe
6285,136.98.44.12,162.49.104.17,54108,80,2025-03-01 09:00:21,johndoe
2702,105.36.174.94,175.254.97.106,38403,443,2025-03-01 09:34:11,johndoe
7775,159.70.34.224,110.192.36.40,9359,8080,2025-03-01 09:20:21,admin
8381,128.118.26.169,6.114.148.128,26610,8080,2025-03-01 09:24:25,admin
4166,224.80.147.38,137.123.159.204,41567,80,2025-03-01 09:37:16,admin
4111,121.134.15.16,87.215.133.102,22948,80,2025-03-01 09:09:30,user1
7249,210.168.31.120,127.37.18.177,65318,80,2025-03-01 09:28:24,admin
3656,142.245.66.138,186.21.53.18,33568,8080,2025-03-01 09:15:22,johndoe
2388,123.155.116.10,239.28.13.100,36032,8080,2025-03-01 09:58:43,janedoe
3100,176.9.246.26,100.193.64.220,46986,443,2025-03-01 09:37:30,user1
4404,113.60.188.180,50.175.223.29,16632,80,2025-03-01 09:06:16,admin
6482,106.23.7.127,209.29.39.29,9328,443,2025-03-01 09:12:19,johndoe
5333,81.179.125.149,34.203.245.62,44054,80,2025-03-01 09:05:12,johndoe
5624,140.105.253.182,230.112.227.154,62721,443,2025-03-01 09:53:15,johndoe
2749,168.125.136.163,179.53.27.177,60034,443,2025-03-01 09:48:09,janedoe
3102,21.104.70.118,79.107.62.190,48531,80,2025-03-01 09:02:26,user1
9918,113.232.58.10,128.17.138.142,39574,443,2025-03-01 09:20:30,admin
1027,72.196.253.9,221.195.196.227,3934,80,2025-03-01 09:14:02,janedoe
7984,169.220.26.156,9.178.13.172,61493,443,2025-03-01 09:55:18,user1
2636,8.174.222.218,201.29.55.198,63445,8080,2025-03-01 09:46:16,johndoe
6465,254.237.217.133,42.195.239.121,9666,80,2025-03-01 09:19:09,johndoe
8705,64.151.172.202,10.140.185.137,44227,443,2025-03-01 09:53:24,admin
5102,79.164.135.91,114.236.8.225,1605,443,2025-03-01 09:02:31,johndoe
3877,164.111.209.29,149.40.141.160,63499,80,2025-03-01 09:30:04,user1
6170,197.141.132.253,33.116.89.75,58121,8080,2025-03-01 09:44:46,admin
2264,30.19.94.225,149.162.21.116,5009,8080,2025-03-01 09:17:41,johndoe
6310,174.180.22.120,90.55.39.227,8441,8080,2025-03-01 09:05:17,user1
5640,84.190.212.36,165.218.144.73,2642,443,2025-03-01 09:41:26,johndoe
2923,250.208.191.240,242.150.15.82,25161,80,2025-03-01 09:19:51,user1
1582,152.13.54.108,207.160.176.110,25851,8080,2025-03-01 09:02:13,user1
9625,196.40.39.114,145.214.62.26,40811,443,2025-03-01 09:45:00,janedoe
3399,69.99.150.124,85.124.185.118,30896,443,2025-03-01 09:51:04,admin
9227,62.227.209.185,21.180.39.185,43840,443,2025-03-01 09:41:18,user1
3174,202.214.117.64,237.125.208.70,40709,443,2025-03-01 09:54:19,johndoe
2904,81.60.41.209,108.75.253.101,59998,80,2025-03-01 09:59:49,janedoe
9317,43.61.214.134,196.240.51.64,58004,80,2025-03-01 09:56:55,janedoe
4510,177.85.37.67,132.198.216.181,9376,443,2025-03-01 09:47:34,user1
99999,76.60.172.172,152.55.23.37,49438,443,2025-03-01 09:30:38,janedoe
8474,116.223.148.244,180.68.93.42,11002,80,2025-03-01 09:40:31,johndoe
8765,167.232.194.164,113.90.143.49,16245,443,2025-03-01 09:33:40,johndoe
2832,145.218.146.165,99.163.91.73,3772,8080,2025-03-01 09:49:54,user1
2871,133.142.160.50,89.145.84.60,19888,443,2025-03-01 09:33:13,janedoe
2381,227.86.147.132,254.54.118.142,10264,80,2025-03-01 09:14:07,user1
5073,154.20.99.3,126.13.189.104,19494,8080,2025-03-01 09:29:06,janedoe
4594,33.232.151.56,184.61.227.221,33349,443,2025-03-01 09:05:55,user1
3053,188.59.181.40,191.113.38.167,11295,8080,2025-03-01 09:22:53,johndoe
4568,162.37.161.19,111.51.162.97,56168,8080,2025-03-01 09:45:07,admin
5910,163.4.125.70,151.192.112.100,18409,443,2025-03-01 09:10:20,janedoe
6285,48.254.144.67,51.45.109.1,29487,80,2025-03-01 09:33:29,user1
9369,46.19.214.134,158.194.120.178,32758,8080,2025-03-01 09:44:50,user1
5025,77.118.149.248,126.200.182.246,20384,80,2025-03-01 09:14:56,admin
8740,226.147.214.228,84.126.217.59,12571,443,2025-03-01 09:21:46,admin
7154,179.203.65.247,216.250.210.120,2922,443,2025-03-01 09:18:17,user1
1200,218.209.31.165,67.162.210.200,54044,443,2025-03-01 09:29:01,janedoe
6438,234.27.137.248,187.112.173.23,21242,443,2025-03-01 09:27:58,user1
4626,###CORRUPT###225.85.105.56,243.168.66.10,63301,8080,2025-03-01 09:01:26,janedoe
7498,200.170.180.32,168.25.107.185,36116,80,2025-03-01 09:10:43,janedoe
6822,184.117.148.82,234.191.169.211,15154,8080,2025-03-01 09:50:03,user1
5949,4.18.10.52,129.203.248.21,11309,443,2025-03-01 09:20:34,admin
6072,162.126.17.139,192.63.193.205,9621,8080,2025-03-01 09:59:50,johndoe
6599,22.39.37.212,6.7.77.48,49250,8080,2025-03-01 09:54:06,janedoe
3535,213.159.165.217,132.11.154.140,31098,80,2025-03-01 09:06:48,johndoe
3077,168.241.192.149,110.47.113.208,37789,443,2025-03-01 09:32:59,johndoe
6728,180.125.195.8,255.254.201.190,51008,8080,2025-03-01 09:48:46,admin
8511,58.12.203.118,115.189.244.55,43151,443,2025-03-01 09:22:41,user1
9873,162.42.48.86,54.250.127.42,10286,443,2025-03-01 09:42:05,janedoe
9064,186.119.30.252,65.210.159.172,55702,80,2025-03-01 09:02:29,johndoe
2235,145.208.2.137,177.107.250.255,21537,8080,2025-03-01 09:16:05,johndoe
9510,182.247.41.53,109.39.192.65,50627,80,2025-03-01 09:11:03,admin
2775,51.224.58.19,227.217.253.87,42060,8080,2025-03-01 09:33:15,user1
9066,224.214.204.4,76.60.222.150,48206,8080,2025-03-01 09:18:30,johndoe
3793,228.190.84.72,75.104.190.128,31964,443,2025-03-01 09:14:22,johndoe
5467,192.69.84.242,3.162.213.91,10877,443,2025-03-01 09:04:34,admin
9609,180.96.102.48,138.234.169.48,5028,8080,2025-03-01 09:31:59,user1
6085,90.115.176.7,238.98.140.145,54812,443,2025-03-01 09:39:53,johndoe
5637,160.206.130.103,20.78.52.110,19373,80,2025-03-01 09:17:56,admin
5557,205.196.169.141,248.242.107.86,1199,80,2025-03-01 09:14:46,admin
5641,206.75.73.84,122.0.165.39,59741,80,2025-03-01 09:09:21,janedoe
4022,171.241.167.154,129.60.123.201,25751,443,2025-03-01 09:48:12,janedoe
3295,80.162.40.109,245.85.142.73,56066,443,2025-03-01 09:38:15,janedoe
3938,178.128.61.222,167.178.91.12,57787,443,2025-03-01 09:58:23,janedoe
4012,172.177.217.109,158.97.195.191,12755,8080,2025-03-01 09:00:43,user1
2677,93.99.2.158,85.48.188.129,33975,80,2025-03-01 09:41:25,johndoe
4566,166.140.245.203,12.129.140.29,64668,8080,2025-03-01 09:56:12,admin
7837,184.241.232.251,45.242.53.19,25241,80,2025-03-01 09:41:50,user1
1367,189.90.67.42,108.61.28.227,42801,8080,2025-03-01 09:04:15,johndoe
6511,220.142.99.8,86.162.86.187,34862,80,2025-03-01 09:45:21,janedoe
6432,215.31.33.98,212.75.136.42,12334,443,2025-03-01 09:03:02,johndoe
3627,51.209.88.1,80.140.179.60,23401,443,2025-03-01 09:38:47,admin
1920,239.237.45.59,236.46.93.44,13191,443,2025-03-01 09:40:21,admin
3745,44.5.111.191,118.41.126.157,55897,8080,2025-03-01 09:43:50,user1
1108,194.67.158.27,98.146.91.142,10226,8080,2025-03-01 09:21:32,janedoe
5634,214.96.139.102,46.151.132.225,18361,80,2025-03-01 09:33:26,johndoe
2771,94.178.230.87,10.197.79.107,47042,443,2025-03-01 09:23:40,johndoe
9196,88.137.46.107,67.111.239.133,3084,80,2025-03-01 09:35:17,user1
9209,36.239.165.190,145.193.17.165,46983,80,2025-03-01 09:42:58,johndoe
4783,231.4.81.215,122.171.172.51,13286,443,2025-03-01 09:20:54,user1
3017,140.95.11.224,208.233.222.204,32060,80,2025-03-01 09:17:14,johndoe
4460,87.247.205.153,11.119.55.215,28935,443,2025-03-01 09:39:25,janedoe
3595,8.83.85.153,227.101.71.66,44501,443,2025-03-01 09:53:49,admin
5509,24.158.72.177,118.202.84.235,1079,8080,2025-03-01 09:10:04,user1
4308,45.154.157.41,48.120.104.223,6933,8080,2025-03-01 09:16:42,user1
3762,143.191.2.244,41.176.51.241,37057,8080,2025-03-01 09:26:54,user1
9797,121.192.237.124,196.49.198.65,21887,80,2025-03-01 09:27:17,johndoe
8460,73.217.201.36,89.250.13.113,59061,8080,2025-03-01 09:12:09,user1
5285,93.174.0.203,235.39.117.70,33788,80,2025-03-01 09:03:01,user1
1742,112.47.173.196,168.92.217.77,19699,443,2025-03-01 09:26:24,janedoe
1936,67.215.91.83,102.54.238.42,23718,8080,2025-03-01 09:50:01,admin
5329,221.207.6.82,82.65.196.232,1783,443,2025-03-01 09:44:38,janedoe
8412,198.27.155.217,67.59.230.190,52207,443,2025-03-01 09:48:36,johndoe
9589,137.186.57.91,252.217.196.40,10879,80,2025-03-01 09:23:00,johndoe
2140,132.232.222.24,119.144.20.62,57902,443,2025-03-01 09:31:25,johndoe
6862,228.189.129.217,87.151.12.136,12737,443,2025-03-01 09:24:21,janedoe
4923,115.166.152.18,153.57.182.18,35841,8080,2025-03-01 09:27:02,user1
1828,22.48.64.74,163.252.220.140,23659,443,2025-03-01 09:47:02,user1
4893,212.234.20.39,84.190.19.75,40958,8080,2025-03-01 09:43:32,admin
7112,132.40.172.154,109.205.11.94,63306,8080,2025-03-01 09:17:32,admin
6478,234.221.59.98,147.133.155.124,46522,80,2025-03-01 09:25:32,janedoe
4871,195.223.140.95,71.23.204.92,45471,443,2025-03-01 09:18:36,admin
5922,54.9.212.66,71.136.236.162,7390,80,2025-03-01 09:15:20,admin
3794,84.113.32.147,187.235.215.168,36508,443,2025-03-01 09:32:28,admin
8575,88.163.177.227,39.236.255.107,35904,8080,2025-03-01 09:11:36,janedoe
6447,104.16.40.249,144.176.42.106,50045,8080,2025-03-01 09:25:12,johndoe
5382,193.161.231.239,8.79.85.180,38044,443,2025-03-01 09:28:21,admin
8490,250.145.251.120,97.67.193.63,7379,443,2025-03-01 09:14:54,user1
8827,147.148.91.81,197.205.209.180,50259,80,2025-03-01 09:28:32,johndoe
4972,198.185.54.162,129.200.115.206,33453,443,2025-03-01 09:19:32,janedoe
5837,237.90.204.147,1.171.237.88,45808,80,2025-03-01 09:26:10,janedoe
7765,108.210.96.14,159.114.70.41,40317,8080,2025-03-01 09:49:58,janedoe
7208,6.166.127.85,146.241.46.189,2512,8080,2025-03-01 09:41:03,janedoe
9226,131.98.82.234,95.122.89.241,62440,8080,2025-03-01 09:13:38,johndoe
1845,76.33.15.105,148.236.235.125,45829,8080,2025-03-01 09:30:17,user1
8550,46.236.56.169,224.81.125.236,48344,80,2025-03-01 09:00:28,admin
3100,174.208.240.197,19.213.133.61,47934,8080,2025-03-01 09:44:10,admin
3755,124.30.149.203,213.20.186.204,47988,8080,2025-03-01 09:42:57,janedoe
6993,202.63.53.74,217.134.57.86,25040,443,2025-03-01 09:44:49,johndoe
7730,234.124.247.107,68.49.168.37,31055,8080,2025-03-01 09:33:33,user1
2636,67.175.151.227,85.230.132.140,39980,80,2025-03-01 09:51:58,user1
4727,134.147.13.113,226.189.185.149,21121,8080,2025-03-01 09:10:48,johndoe
9209,183.225.150.79,191.65.75.149,57329,443,2025-03-01 09:17:33,user1
5073,218.108.155.75,150.6.132.186,48284,8080,2025-03-01 09:50:53,janedoe
2294,159.87.176.79,151.160.191.193,57739,443,2025-03-01 09:44:15,user1
2302,135.246.89.247,230.194.7.33,23461,80,2025-03-01 09:21:06,user1
2381,39.142.61.100,92.255.235.6,56072,8080,2025-03-01 09:57:44,user1
4767,52.186.16.204,161.50.168.34,18815,8080,2025-03-01 09:36:30,admin
5509,205.28.228.126,63.131.93.125,15988,8080,2025-03-01 09:48:58,janedoe
6383,11.136.142.46,191.97.32.67,35270,443,2025-03-01 09:04:09,user1
5655,63.244.237.50,138.26.163.37,13896,443,2025-03-01 09:07:56,janedoe
1823,122.101.51.110,154.249.153.4,39147,443,2025-03-01 09:58:47,admin
4365,227.226.99.233,255.0.128.208,40434,443,2025-03-01 09:33:37,user1
3662,130.247.145.153,68.127.174.140,45447,8080,2025-03-01 09:34:20,johndoe
9305,113.57.93.249,2.163.240.253,11714,80,2025-03-01 09:04:28,janedoe
2417,78.48.226.175,164.93.99.55,51018,80,2025-03-01 09:14:33,johndoe
4321,79.163.241.52,176.153.107.79,22242,80,2025-03-01 09:13:06,janedoe
5308,44.80.80.166,245.242.213.137,16013,443,2025-03-01 09:32:13,johndoe
3390,38.156.170.181,213.161.230.157,28896,8080,2025-03-01 09:26:51,janedoe
4598,196.206.28.209,91.71.233.140,2300,8080,2025-03-01 09:13:48,user1
1144,184.131.150.191,7.164.218.195,22368,8080,2025-03-01 09:38:13,user1
7375,56.225.140.54,20.124.82.166,48396,443,2025-03-01 09:49:14,janedoe
2797,249.23.199.249,64.143.192.30,7671,80,2025-03-01 09:43:39,johndoe
4292,138.189.224.145,29.241.68.37,22293,8080,2025-03-01 09:28:14,user1
7767,39.153.102.45,113.125.167.133,37506,8080,2025-03-01 09:55:47,johndoe
4485,6.71.34.160,246.184.228.109,13091,443,2025-03-01 09:31:58,user1
2559,93.170.101.132,66.11.71.61,43113,443,2025-03-01 09:29:10,janedoe
6868,125.24.30.191,5.223.16.167,52806,8080,2025-03-01 09:33:35,johndoe
4666,86.34.38.47,250.57.81.44,38636,443,2025-03-01 09:41:38,user1
99999,19.220.141.238,116.77.169.37,12930,8080,2025-03-01 09:39:16,johndoe
4568,136.221.10.205,148.150.3.199,2260,80,2025-03-01 09:15:22,johndoe
4371,39.132.114.167,137.234.102.181,59563,8080,2025-03-01 09:59:12,user1
7532,198.75.105.157,47.51.13.20,52106,80,2025-03-01 09:36:52,johndoe
7835,18.167.161.117,169.106.103.155,11725,443,2025-03-01 09:18:30,user1
6412,236.111.181.13,36.225.63.192,2690,443,2025-03-01 09:59:13,user1
3937,13.228.224.204,51.105.194.63,7109,80,2025-03-01 09:34:35,admin
5210,194.107.61.250,190.183.162.212,13540,80,2025-03-01 09:06:11,johndoe
2083,66.57.233.8,2.194.215.204,64041,80,2025-03-01 09:24:12,johndoe
7208,80.33.222.153,59.43.199.241,2062,443,2025-03-01 09:49:48,johndoe
9280,37.127.90.4,33.79.71.240,50981,80,2025-03-01 09:04:10,user1
4016,190.150.190.212,211.80.214.88,12469,8080,2025-03-01 09:10:20,user1
4082,226.56.83.15,128.104.156.206,42004,443,2025-03-01 09:57:26,johndoe
6542,83.14.13.169,8.240.17.73,60896,443,2025-03-01 09:03:10,janedoe
8807,154.86.80.51,4.178.114.47,28541,80,2025-03-01 09:07:40,janedoe
3246,252.212.225.68,220.0.159.243,31792,443,2025-03-01 09:08:45,johndoe
6415,139.187.49.244,127.100.64.112,34757,80,2025-03-01 09:54:59,user1
8199,169.42.48.206,73.53.127.115,17451,80,2025-03-01 09:49:50,johndoe
3662,182.236.136.67,84.216.191.74,38993,8080,2025-03-01 09:58:04,admin
1108,232.197.24.101,251.93.7.73,42615,80,2025-03-01 09:57:01,user1
9837,102.165.5.246,124.176.96.207,30653,80,2025-03-01 09:30:56,johndoe
2342,113.60.143.172,87.95.130.174,53910,443,2025-03-01 09:52:42,janedoe
1404,25.175.134.32,201.187.218.13,64250,8080,2025-03-01 09:08:37,admin
6482,250.234.56.61,141.151.64.177,21145,443,2025-03-01 09:29:46,admin
6782,222.93.203.99,37.113.8.101,49088,8080,2025-03-01 09:24:09,user1
6094,221.24.185.117,178.85.191.81,7586,8080,2025-03-01 09:11:18,user1
3209,239.77.217.103,72.25.205.151,26568,8080,2025-03-01 09:28:45,janedoe
5059,83.69.153.0,20.128.159.106,61517,8080,2025-03-01 09:41:51,admin
7311,194.210.71.73,124.82.124.200,52555,80,2025-03-01 09:44:06,janedoe
9204,152.99.127.179,19.115.141.71,59523,443,2025-03-01 09:08:25,user1
5938,114.72.141.167,3.60.159.52,51595,8080,2025-03-01 09:40:51,janedoe
4509,170.224.152.63,139.232.78.36,58710,8080,2025-03-01 09:23:18,johndoe
1133,253.20.195.130,29.238.218.86,58449,8080,2025-03-01 09:47:12,janedoe
4212,75.115.52.45,188.185.123.253,55858,8080,2025-03-01 09:29:31,janedoe
3925,164.53.143.141,232.128.168.214,44735,443,2025-03-01 09:24:20,admin
2827,26.248.124.253,57.222.136.53,52202,8080,2025-03-01 09:33:18,janedoe
5631,133.195.21.55,152.50.48.60,64379,80,2025-03-01 09:24:37,janedoe
1717,101.20.177.225,219.235.19.204,54315,8080,2025-03-01 09:50:49,janedoe
2154,,233.13.110.92,2606,8080,2025-03-01 09:22:27,admin
7293,236.211.14.233,218.129.183.176,24117,80,2025-03-01 09:18:53,janedoe
1118,13.166.234.134,197.82.107.164,49566,443,2025-03-01 09:51:25,johndoe
5973,209.88.255.45,86.180.116.162,55332,443,2025-03-01 09:06:54,admin
9328,104.160.254.95,194.195.103.135,57121,8080,2025-03-01 09:33:08,johndoe
7813,207.224.185.81,246.86.165.8,8329,80,2025-03-01 09:39:43,johndoe
5168,130.151.91.203,159.38.101.47,6957,8080,2025-03-01 09:40:49,janedoe
4339,68.74.174.181,102.68.197.53,56402,8080,2025-03-01 09:55:36,johndoe
7979,146.42.165.115,114.20.125.79,44770,443,2025-03-01 09:01:47,janedoe
2381,214.112.125.115,113.110.74.6,20474,80,2025-03-01 09:01:25,janedoe
6231,113.212.98.211,48.204.198.133,47341,443,2025-03-01 09:54:50,johndoe
2388,95.186.120.163,139.182.39.68,22104,8080,2025-03-01 09:16:51,user1
2419,252.243.160.53,207.116.178.114,31517,443,2025-03-01 09:39:12,admin
2559,159.224.254.223,17.87.11.229,37658,8080,2025-03-01 09:03:55,johndoe
2294,223.75.32.181,17.141.129.14,47791,8080,2025-03-01 09:33:30,janedoe
8848,196.68.202.110,170.231.158.155,22685,80,2025-03-01 09:38:54,janedoe
2644,197.161.3.27,183.183.61.36,41253,80,2025-03-01 09:36:09,janedoe
3871,42.99.127.91,214.92.15.253,48777,80,2025-03-01 09:22:39,admin
3506,243.206.198.208,98.242.70.175,13016,80,2025-03-01 09:21:14,johndoe
6383,182.220.129.255,24.94.133.205,14170,80,2025-03-01 09:23:58,admin
2279,116.48.131.10,226.31.30.191,7282,80,2025-03-01 09:00:07,admin
3803,84.196.156.14,205.191.35.88,13376,8080,2025-03-01 09:42:23,janedoe
8405,138.111.176.49,224.79.191.90,59445,443,2025-03-01 09:48:13,user1
5093,39.227.15.19,240.61.159.149,8087,443,2025-03-01 09:46:37,user1
3250,133.85.51.254,50.79.172.232,61881,8080,2025-03-01 09:37:24,janedoe
1118,115.59.33.173,64.187.72.122,63963,443,2025-03-01 09:12:51,janedoe
2127,92.30.245.50,218.46.164.201,50629,8080,2025-03-01 09:43:54,user1
5105,83.69.229.101,75.218.206.222,25735,80,2025-03-01 09:33:28,admin
1130,27.164.247.199,79.254.147.28,35597,80,2025-03-01 09:12:50,admin
4728,229.88.160.24,137.14.24.155,26248,80,2025-03-01 09:24:00,admin
8515,212.222.91.189,175.22.109.50,30989,80,2025-03-01 09:15:07,johndoe
9976,183.104.253.105,147.7.23.195,14526,8080,2025-03-01 09:07:56,johndoe
3803,232.123.169.90,253.199.116.190,61158,443,2025-03-01 09:03:03,user1
7730,154.126.132.216,175.158.104.139,27841,8080,2025-03-01 09:00:41,janedoe
99999,106.193.142.97,210.249.129.5,42084,8080,2025-03-01 09:26:59,admin
2029,197.229.65.114,19.58.59.81,60151,443,2025-03-01 09:04:32,user1
7204,84.85.131.203,73.146.145.133,8134,80,2025-03-01 09:26:57,user1
2022,23.254.102.65,133.18.240.245,8189,80,2025-03-01 09:15:36,admin
2505,100.94.42.34,62.223.189.224,49412,80,2025-03-01 09:30:10,admin
1653,240.96.107.162,12.7.78.174,57351,443,2025-03-01 09:11:58,johndoe
2975,52.28.200.194,40.149.32.115,13080,8080,2025-03-01 09:13:16,johndoe
5934,185.224.12.225,18.125.147.82,10419,8080,2025-03-01 09:21:40,admin
3485,176.33.209.8,159.86.164.189,3542,80,2025-03-01 09:07:05,user1
6168,98.1.29.198,197.61.114.18,37962,8080,2025-03-01 09:05:02,admin
4342,211.243.197.144,176.198.230.121,45777,443,2025-03-01 09:41:49,johndoe
9866,###CORRUPT###251.232.245.78,117.184.114.73,19823,8080,2025-03-01 09:49:54,user1
8740,248.198.131.82,95.10.221.153,10460,80,2025-03-01 09:31:23,janedoe
9369,226.116.205.64,216.180.106.207,28623,443,2025-03-01 09:31:26,janedoe
4438,244.198.237.186,87.166.204.68,48426,8080,2025-03-01 09:14:03,user1
6295,183.97.99.186,231.237.209.191,43229,443,2025-03-01 09:14:34,janedoe
8460,121.55.231.153,232.211.26.102,15256,443,2025-03-01 09:37:39,user1
99999,99.221.92.226,7.105.197.88,18936,8080,2025-03-01 09:46:27,user1
7859,103.101.77.210,82.239.125.66,51003,443,2025-03-01 09:21:35,admin
1182,25.33.43.10,3.27.169.46,21556,443,2025-03-01 09:13:51,user1
8444,55.157.33.185,160.161.228.243,23215,8080,2025-03-01 09:11:57,johndoe
3440,26.81.77.83,107.60.209.81,37833,8080,2025-03-01 09:42:55,janedoe
2275,252.143.127.58,170.75.227.49,50547,80,2025-03-01 09:09:15,janedoe
8717,98.244.87.10,151.185.225.93,30340,80,2025-03-01 09:33:34,johndoe
9582,###CORRUPT###87.43.189.35,46.69.153.201,61105,80,2025-03-01 09:07:34,user1
8889,163.164.149.42,91.253.8.213,12103,443,2025-03-01 09:58:06,johndoe
6400,132.143.12.250,82.85.26.122,46932,443,2025-03-01 09:17:57,janedoe
3258,87.20.139.234,169.41.170.16,9586,8080,2025-03-01 09:00:43,admin
1742,98.102.240.194,100.18.138.192,23020,443,2025-03-01 09:54:49,janedoe
5922,182.175.67.177,185.133.98.250,19481,443,2025-03-01 09:05:41,janedoe
4893,172.43.163.58,6.65.54.124,5900,80,2025-03-01 09:25:29,admin
2210,147.121.44.38,3.6.174.36,11263,8080,2025-03-01 09:42:44,janedoe
6439,224.169.54.62,15.71.102.41,13185,80,2025-03-01 09:49:01,admin
3664,111.119.107.25,184.40.198.164,42013,8080,2025-03-01 09:13:09,janedoe
4616,51.253.95.240,74.31.226.94,34289,80,2025-03-01 09:05:25,user1
7765,51.134.73.96,180.63.38.96,13282,443,2025-03-01 09:51:37,user1
5210,102.151.211.146,56.218.128.176,49222,80,2025-03-01 09:36:13,admin
3847,228.128.144.82,17.31.32.252,23583,8080,2025-03-01 09:04:07,janedoe
7865,173.228.6.45,82.185.33.134,48678,443,2025-03-01 09:30:46,johndoe
5314,208.245.189.255,77.250.160.97,15973,8080,2025-03-01 09:11:38,admin
3435,91.209.238.236,84.206.237.237,30657,80,2025-03-01 09:09:41,janedoe
6651,244.12.71.162,98.76.204.187,1938,443,2025-03-01 09:54:01,user1
3950,152.94.111.48,5.200.241.76,18777,443,2025-03-01 09:13:30,admin
9515,101.81.155.142,59.97.249.255,29391,443,2025-03-01 09:58:08,user1
1579,249.30.180.54,18.165.244.148,10295,80,2025-03-01 09:35:24,janedoe
6544,56.213.251.6,245.157.81.173,42341,443,2025-03-01 09:46:41,janedoe
5192,32.66.144.174,186.191.65.189,38073,443,2025-03-01 09:04:18,admin
5794,95.213.126.107,242.167.119.160,42565,443,2025-03-01 09:53:42,johndoe
6238,88.169.99.65,248.164.117.121,54325,80,2025-03-01 09:33:21,janedoe
1200,5.160.48.196,193.75.164.41,35707,443,2025-03-01 09:31:35,johndoe
6085,116.199.98.141,183.73.186.30,32071,80,2025-03-01 09:15:14,admin
9261,92.247.74.139,245.163.248.160,40658,8080,2025-03-01 09:13:39,user1
8444,237.61.151.31,189.99.144.127,52843,443,2025-03-01 09:28:52,admin
1838,67.104.73.151,7.14.215.40,25182,443,2025-03-01 09:52:57,user1
5794,161.195.80.227,195.160.55.140,30904,443,2025-03-01 09:13:30,janedoe
3804,42.65.165.8,32.26.167.244,25195,80,2025-03-01 09:21:31,janedoe
1999,7.222.165.202,46.167.17.144,22258,8080,2025-03-01 09:51:38,admin
4308,131.28.67.254,17.34.71.77,7725,8080,2025-03-01 09:11:09,user1
6688,194.184.182.173,21.211.175.35,33297,443,2025-03-01 09:37:12,admin
4300,107.202.79.45,209.106.229.81,8576,443,2025-03-01 09:15:31,user1
9346,166.12.26.115,123.21.21.112,50734,80,2025-03-01 09:10:25,user1
7438,82.165.198.202,5.148.252.12,44909,8080,2025-03-01 09:47:35,janedoe
1999,18.20.102.18,54.117.251.3,23921,8080,2025-03-01 09:05:30,johndoe
7098,231.84.203.108,39.3.144.136,37479,443,2025-03-01 09:34:52,janedoe
6061,214.103.131.171,51.167.133.201,8833,8080,2025-03-01 09:19:28,janedoe
4006,115.207.104.94,29.21.198.54,49705,80,2025-03-01 09:13:39,johndoe
7014,,177.109.155.184,31418,80,2025-03-01 09:44:13,user1
3222,228.129.111.12,80.6.110.92,57408,443,2025-03-01 09:14:05,janedoe
1003,185.198.167.234,252.200.84.251,32492,8080,2025-03-01 09:40:44,johndoe
7304,253.127.39.54,227.0.15.25,57199,80,2025-03-01 09:18:43,admin
3440,114.195.81.49,14.188.110.97,64655,443,2025-03-01 09:50:38,johndoe
3267,,72.213.11.152,51515,80,2025-03-01 09:08:11,johndoe
7730,68.233.104.61,236.15.243.89,1964,80,2025-03-01 09:05:52,user1
6631,223.139.138.11,180.245.32.78,15145,80,2025-03-01 09:27:08,janedoe
2604,10.254.221.238,106.89.6.22,44055,80,2025-03-01 09:52:32,johndoe
3794,73.245.103.136,7.139.96.120,46222,443,2025-03-01 09:55:19,admin
4675,12.222.250.118,184.24.146.186,6818,8080,2025-03-01 09:25:04,janedoe
2153,121.83.191.190,186.74.164.177,27697,80,2025-03-01 09:39:36,janedoe
9180,120.177.149.75,209.253.208.184,64029,443,2025-03-01 09:05:54,johndoe
9582,36.170.183.238,116.84.21.175,34208,8080,2025-03-01 09:09:54,johndoe
8909,162.81.71.105,212.202.41.214,58743,80,2025-03-01 09:34:13,admin
3615,27.2.130.84,190.116.171.250,8686,443,2025-03-01 09:49:57,johndoe
8619,240.202.201.112,148.179.208.54,15822,8080,2025-03-01 09:43:57,janedoe
2747,214.96.0.55,127.73.36.156,16872,443,2025-03-01 09:20:40,user1
1877,164.49.97.12,5.15.151.61,14595,80,2025-03-01 09:56:30,admin
6085,65.231.60.216,242.183.206.5,46756,8080,2025-03-01 09:20:29,johndoe
3938,96.106.155.219,159.244.21.251,65053,80,2025-03-01 09:34:07,johndoe
5516,8.130.242.196,193.50.216.179,63225,8080,2025-03-01 09:33:28,admin
3937,10.249.44.243,65.47.42.125,48490,8080,2025-03-01 09:43:05,admin
6533,98.172.123.240,9.165.158.231,15216,8080,2025-03-01 09:28:01,admin
1771,176.65.14.227,18.92.237.140,46711,8080,2025-03-01 09:26:29,admin
7397,150.60.251.89,231.231.150.83,3633,443,2025-03-01 09:41:02,johndoe
8365,29.79.39.101,124.248.127.2,26406,8080,2025-03-01 09:55:04,user1
9985,97.22.154.93,58.174.252.117,47805,443,2025-03-01 09:55:11,admin
8342,43.71.67.12,113.254.187.220,2369,8080,2025-03-01 09:35:51,johndoe
4072,140.54.214.242,9.142.223.216,5410,80,2025-03-01 09:05:57,johndoe
5025,243.183.243.205,130.124.70.61,2604,80,2025-03-01 09:05:53,user1
8975,51.228.191.134,123.34.94.211,8616,8080,2025-03-01 09:02:42,user1
5475,38.153.68.200,3.190.30.6,8413,8080,2025-03-01 09:45:27,johndoe
6499,136.4.155.70,82.124.245.109,13388,8080,2025-03-01 09:32:24,janedoe
8118,55.50.88.198,142.36.74.65,57243,8080,2025-03-01 09:09:55,admin
2083,132.37.84.126,161.211.185.115,55286,443,2025-03-01 09:27:44,admin
1193,111.21.164.202,8.98.191.200,30503,8080,2025-03-01 09:57:05,user1
9066,233.65.245.208,166.80.123.147,33604,80,2025-03-01 09:29:32,admin
4637,17.43.74.20,95.142.201.143,31465,8080,2025-03-01 09:55:04,johndoe
3440,215.167.157.240,131.249.197.70,31781,443,2025-03-01 09:06:12,janedoe
4454,88.32.128.137,240.138.147.116,21540,443,2025-03-01 09:16:20,user1
2943,249.156.98.171,133.210.142.135,40198,443,2025-03-01 09:45:43,user1
2168,157.71.151.97,176.185.164.104,53323,443,2025-03-01 09:39:42,user1
8381,186.149.126.105,154.172.93.254,25599,80,2025-03-01 09:26:44,janedoe
7971,70.235.174.74,66.36.129.63,64365,443,2025-03-01 09:55:30,janedoe
3664,18.96.130.253,117.141.215.101,18436,80,2025-03-01 09:29:11,janedoe
7112,28.243.223.198,81.61.71.92,9079,443,2025-03-01 09:51:53,admin
2127,217.35.142.55,141.137.65.49,61693,8080,2025-03-01 09:46:52,janedoe
1744,11.30.5.57,87.141.145.220,16797,80,2025-03-01 09:15:02,johndoe
4384,142.181.121.77,6.162.112.87,53827,443,2025-03-01 09:13:52,admin
7835,42.46.138.248,32.48.126.208,15505,80,2025-03-01 09:31:22,user1
7719,45.112.143.54,1.122.157.222,39011,8080,2025-03-01 09:57:59,janedoe
6747,55.118.51.41,105.227.226.76,49465,443,2025-03-01 09:58:04,janedoe
6413,139.139.105.251,112.175.164.10,33728,8080,2025-03-01 09:42:01,janedoe
6231,114.105.190.73,181.39.193.86,52670,443,2025-03-01 09:14:08,user1
5571,91.207.140.127,184.148.118.194,40374,443,2025-03-01 09:01:39,user1
2890,179.33.231.11,100.176.184.195,2367,443,2025-03-01 09:29:47,janedoe
1100,109.45.223.130,90.117.137.187,60766,443,2025-03-01 09:32:40,user1
2911,57.100.18.195,94.24.117.46,47364,80,2025-03-01 09:06:18,admin
9782,21.130.231.76,76.72.223.142,58106,80,2025-03-01 09:15:38,janedoe
9609,###CORRUPT###43.34.118.47,159.26.90.147,36933,443,2025-03-01 09:28:53,user1
7731,5.100.39.34,198.51.137.91,36017,80,2025-03-01 09:53:11,janedoe
3832,195.188.91.78,137.95.125.4,22354,80,2025-03-01 09:52:18,johndoe
6799,209.10.29.201,35.85.24.240,11241,80,2025-03-01 09:16:30,johndoe
1145,201.142.236.125,117.89.56.127,11646,8080,2025-03-01 09:41:22,admin
6085,252.193.69.0,74.235.250.202,37089,8080,2025-03-01 09:49:34,janedoe
2926,135.238.181.207,193.128.208.85,33998,443,2025-03-01 09:08:37,admin
1126,19.188.152.59,155.211.195.192,20653,443,2025-03-01 09:01:37,johndoe
5006,51.8.110.222,199.75.230.71,43561,443,2025-03-01 09:27:03,user1
7730,5.116.224.129,125.204.238.238,25375,80,2025-03-01 09:31:37,user1
3725,246.26.125.74,230.51.151.191,4505,443,2025-03-01 09:31:45,janedoe
3656,168.221.39.150,91.244.20.245,5464,443,2025-03-01 09:22:37,user1
7723,237.84.5.51,38.138.30.12,34415,80,2025-03-01 09:43:03,johndoe
4510,115.206.171.235,89.167.145.188,4360,8080,2025-03-01 09:39:58,admin
4308,113.249.221.18,171.34.78.193,22660,8080,2025-03-01 09:48:45,janedoe
3776,185.136.73.72,196.100.47.196,19096,443,2025-03-01 09:15:02,admin
4450,78.6.68.99,108.99.213.77,29002,8080,2025-03-01 09:38:47,johndoe
7382,54.0.33.83,220.19.135.247,52601,80,2025-03-01 09:14:57,janedoe
2084,252.84.252.58,21.235.175.190,56768,443,2025-03-01 09:17:37,johndoe
6439,171.167.79.142,207.125.115.11,29458,443,2025-03-01 09:18:34,johndoe
5949,131.153.255.207,14.153.131.54,55030,80,2025-03-01 09:37:53,user1
9589,201.112.127.237,232.78.50.185,28067,8080,2025-03-01 09:27:17,janedoe
3222,85.153.41.124,42.246.33.160,61718,80,2025-03-01 09:29:44,janedoe
1717,111.78.212.242,251.15.170.189,8772,443,2025-03-01 09:16:05,janedoe
5989,126.202.109.207,111.120.146.124,41038,80,2025-03-01 09:22:56,user1
5885,84.192.42.51,22.42.4.76,36437,443,2025-03-01 09:33:37,admin
2593,249.77.26.1,121.90.16.68,20122,443,2025-03-01 09:46:20,johndoe
4453,147.44.20.84,229.158.169.51,3576,8080,2025-03-01 09:05:37,admin
3793,1.98.87.200,211.251.55.136,39911,443,2025-03-01 09:42:00,admin
2544,157.145.70.33,119.133.80.49,33557,8080,2025-03-01 09:15:16,johndoe
1960,101.173.83.242,208.231.183.156,20268,8080,2025-03-01 09:48:10,janedoe
8303,207.120.158.167,54.123.236.76,47111,80,2025-03-01 09:02:30,admin
7311,151.60.75.55,115.64.76.37,19536,443,2025-03-01 09:46:56,johndoe
5536,62.246.222.209,32.154.107.242,44027,80,2025-03-01 09:24:51,user1
9204,50.176.33.25,9.129.199.95,54273,443,2025-03-01 09:31:38,janedoe
1118,182.165.230.68,209.167.216.161,63811,8080,2025-03-01 09:59:15,user1
4483,223.84.128.212,24.249.171.75,3778,80,2025-03-01 09:16:23,janedoe
8444,72.103.92.213,10.4.184.175,53466,8080,2025-03-01 09:25:27,johndoe
2654,27.247.103.108,38.170.140.200,59323,8080,2025-03-01 09:40:18,user1
1878,198.20.232.148,138.233.22.145,22821,80,2025-03-01 09:27:48,admin
99999,213.213.237.118,237.161.114.230,18371,443,2025-03-01 09:44:30,admin
9026,59.130.202.135,2.117.20.113,63414,443,2025-03-01 09:16:18,janedoe
2654,111.24.38.140,138.213.8.156,51414,8080,2025-03-01 09:45:16,admin
1981,254.109.147.59,219.120.199.168,12639,8080,2025-03-01 09:44:47,user1
9201,176.219.40.168,166.125.245.10,7542,80,2025-03-01 09:51:09,johndoe
2592,169.149.131.212,42.218.104.83,24710,80,2025-03-01 09:52:13,johndoe
1310,139.35.39.79,224.62.1.122,5348,443,2025-03-01 09:12:13,admin
9821,116.172.62.238,131.62.246.142,52502,80,2025-03-01 09:24:19,admin
8314,46.198.96.128,186.9.44.32,11659,80,2025-03-01 09:23:21,user1
6878,209.99.245.179,8.174.199.221,7811,8080,2025-03-01 09:52:57,janedoe
9584,43.97.247.34,250.116.253.234,26404,443,2025-03-01 09:43:51,johndoe
7163,231.21.18.231,49.1.181.8,44577,443,2025-03-01 09:44:17,johndoe
3725,192.3.161.237,22.68.49.59,39879,80,2025-03-01 09:32:19,janedoe
3832,142.174.61.16,202.162.125.159,36222,443,2025-03-01 09:20:01,admin
99999,28.28.153.70,179.132.194.78,19417,443,2025-03-01 09:58:00,janedoe
5681,250.186.38.255,79.153.208.11,2737,443,2025-03-01 09:22:22,user1
4765,24.70.51.185,30.48.135.170,21884,80,2025-03-01 09:12:28,user1
4111,205.40.118.25,71.159.40.152,60420,8080,2025-03-01 09:44:54,johndoe
9004,230.206.20.159,236.215.47.170,18656,8080,2025-03-01 09:03:33,user1
7291,25.2.54.244,11.240.184.207,36542,80,2025-03-01 09:18:02,user1
6183,241.126.41.171,44.94.53.8,31846,80,2025-03-01 09:49:44,user1
2592,189.122.208.2,175.139.96.252,36909,80,2025-03-01 09:04:03,janedoe
2443,157.198.98.149,89.69.207.210,60710,8080,2025-03-01 09:19:38,johndoe
4906,158.63.215.130,166.254.0.58,27601,8080,2025-03-01 09:13:03,johndoe
3435,33.94.61.127,34.20.118.127,49840,80,2025-03-01 09:49:55,admin
3496,102.68.111.141,246.57.1.107,48028,80,2025-03-01 09:56:39,admin
7566,28.174.105.228,37.75.63.188,22330,443,2025-03-01 09:25:51,johndoe
4438,170.103.74.105,100.180.96.124,33130,443,2025-03-01 09:18:41,janedoe
3426,65.1.221.237,41.31.30.234,35383,443,2025-03-01 09:13:54,janedoe
8827,226.147.72.145,72.90.218.7,32037,8080,2025-03-01 09:04:27,janedoe
2943,78.114.230.102,177.141.244.199,18695,80,2025-03-01 09:32:47,user1
4613,232.68.8.120,166.248.196.112,63185,8080,2025-03-01 09:34:47,user1
8690,69.189.130.50,70.158.206.10,5150,8080,2025-03-01 09:07:18,user1
6289,73.129.125.93,161.254.1.76,63848,80,2025-03-01 09:22:20,janedoe
1944,88.0.246.99,48.55.156.217,17484,8080,2025-03-01 09:54:55,johndoe
7889,52.205.182.49,98.241.100.125,22304,80,2025-03-01 09:58:33,johndoe
7775,121.123.170.252,59.220.8.39,7786,8080,2025-03-01 09:09:21,user1
8183,222.22.104.239,106.37.52.225,48107,80,2025-03-01 09:15:04,user1
8245,95.49.18.131,3.209.61.143,43164,8080,2025-03-01 09:30:42,user1
1207,88.121.60.47,207.128.123.22,32219,8080,2025-03-01 09:18:54,user1
5934,194.3.250.110,204.210.169.51,6837,8080,2025-03-01 09:39:47,user1
1368,148.142.0.218,179.178.182.231,37480,8080,2025-03-01 09:11:12,admin
9813,25.10.140.98,45.80.119.23,49025,80,2025-03-01 09:13:22,user1
2140,34.151.235.31,170.230.115.68,3087,80,2025-03-01 09:49:32,user1
4974,161.153.221.78,177.32.81.242,25802,80,2025-03-01 09:11:41,johndoe
1936,137.89.215.55,22.80.108.37,11099,443,2025-03-01 09:07:24,janedoe
6731,180.85.136.168,227.231.80.110,63520,443,2025-03-01 09:29:00,user1
9095,215.227.142.161,67.109.10.100,27619,443,2025-03-01 09:25:38,janedoe
5467,24.59.64.27,59.57.245.202,60618,8080,2025-03-01 09:39:38,user1
7267,133.92.118.64,62.25.37.123,36348,8080,2025-03-01 09:05:42,johndoe
4300,138.47.132.133,86.69.91.22,29055,443,2025-03-01 09:58:02,user1
8316,206.112.45.75,160.226.36.216,48270,8080,2025-03-01 09:37:19,admin
9243,195.164.235.84,175.141.172.15,3193,80,2025-03-01 09:53:15,admin
6068,171.12.15.42,83.84.41.42,46109,80,2025-03-01 09:32:49,admin
3755,201.190.29.13,185.76.180.160,25865,8080,2025-03-01 09:07:51,johndoe
1193,75.133.81.43,140.75.244.147,33211,8080,2025-03-01 09:52:25,admin
3950,45.147.21.160,98.240.20.222,31649,80,2025-03-01 09:03:00,admin
2654,170.133.125.193,89.174.45.185,48465,8080,2025-03-01 09:18:46,user1
8501,97.62.120.211,39.137.116.164,25243,8080,2025-03-01 09:03:20,johndoe
7723,211.87.192.21,142.20.240.27,27679,80,2025-03-01 09:16:24,janedoe
1612,220.235.181.8,198.94.64.33,5002,443,2025-03-01 09:54:44,admin
4384,32.200.129.63,228.2.133.132,64079,8080,2025-03-01 09:12:06,janedoe
9280,226.127.99.193,184.96.32.204,18574,80,2025-03-01 09:10:34,admin
8460,179.204.151.87,134.157.208.152,11417,80,2025-03-01 09:16:34,janedoe
5581,184.66.188.220,55.53.158.128,6408,443,2025-03-01 09:59:37,admin
4784,100.149.199.80,91.191.148.21,13252,443,2025-03-01 09:53:50,user1
7980,173.188.174.95,76.98.11.43,31814,443,2025-03-01 09:21:00,janedoe
7084,72.148.11.115,188.55.188.123,37467,8080,2025-03-01 09:34:11,user1
1355,252.141.169.68,120.31.174.19,20009,8080,2025-03-01 09:43:37,admin
1301,75.122.104.110,54.181.99.131,39501,443,2025-03-01 09:48:23,admin
5839,187.113.72.52,24.48.232.238,48291,80,2025-03-01 09:37:09,admin
5631,250.101.123.46,162.101.252.110,9852,443,2025-03-01 09:43:57,johndoe
5634,11.208.17.39,245.42.254.167,26539,80,2025-03-01 09:31:31,janedoe
8126,142.4.5.94,54.13.15.54,22951,443,2025-03-01 09:07:38,user1
1187,153.6.125.193,86.241.254.135,48816,443,2025-03-01 09:56:11,admin
1548,186.212.1.109,101.188.177.68,59081,80,2025-03-01 09:05:12,johndoe
3024,19.63.146.55,139.149.115.118,27041,8080,2025-03-01 09:32:35,johndoe
6231,7.71.208.99,44.80.110.75,5840,80,2025-03-01 09:30:48,johndoe
2923,87.214.39.47,66.18.150.66,35081,8080,2025-03-01 09:27:48,admin
5945,94.10.172.121,127.202.219.222,64350,8080,2025-03-01 09:03:09,admin
4929,192.65.218.9,241.21.98.28,35119,80,2025-03-01 09:24:39,janedoe
3170,227.45.13.197,40.233.37.164,62648,8080,2025-03-01 09:14:31,admin
6212,45.111.130.174,92.26.220.93,29613,8080,2025-03-01 09:07:25,janedoe
2291,217.248.217.73,160.107.135.148,50153,80,2025-03-01 09:07:54,user1
3662,230.2.229.99,88.152.121.244,57570,8080,2025-03-01 09:37:33,user1
7524,12.108.119.191,158.63.27.52,44738,443,2025-03-01 09:30:49,admin
3247,211.24.188.33,206.148.146.93,62297,80,2025-03-01 09:48:47,janedoe
6447,150.84.206.215,197.192.151.233,6899,8080,2025-03-01 09:20:10,user1
1788,201.187.196.127,38.169.52.150,2418,8080,2025-03-01 09:21:08,user1
3841,45.97.55.94,215.114.150.72,51897,443,2025-03-01 09:27:35,admin
7524,160.11.242.79,102.60.234.213,64747,80,2025-03-01 09:43:49,janedoe
3001,192.110.158.116,134.112.166.185,43634,80,2025-03-01 09:35:30,user1
5934,230.8.145.1,230.176.208.60,65354,80,2025-03-01 09:47:27,janedoe
2904,8.75.207.183,140.75.222.136,7151,8080,2025-03-01 09:26:06,janedoe
4570,105.37.110.7,144.246.218.50,45064,8080,2025-03-01 09:09:56,user1
5828,136.160.172.61,65.98.136.204,36509,80,2025-03-01 09:16:25,johndoe
3419,131.139.20.15,214.84.244.114,1088,80,2025-03-01 09:45:34,janedoe
3701,101.199.32.28,30.198.103.38,6346,8080,2025-03-01 09:13:11,johndoe
8515,249.13.24.33,97.28.142.41,20228,8080,2025-03-01 09:41:24,admin
9202,189.164.27.232,105.90.100.226,43102,443,2025-03-01 09:42:48,user1
6862,187.188.112.143,70.8.253.225,30036,8080,2025-03-01 09:19:13,janedoe
5210,15.229.71.206,196.210.66.70,23604,80,2025-03-01 09:37:55,admin
4965,224.251.242.196,237.24.82.34,51428,443,2025-03-01 09:01:33,janedoe
8787,135.134.34.99,51.103.232.118,6868,80,2025-03-01 09:21:26,johndoe
8069,239.87.103.176,235.205.55.239,36720,80,2025-03-01 09:31:41,admin
1744,218.84.52.40,155.83.0.194,8404,80,2025-03-01 09:51:13,janedoe
4178,212.162.67.239,127.176.192.62,13501,80,2025-03-01 09:30:32,admin
9084,171.151.157.135,152.25.86.165,4155,80,2025-03-01 09:58:59,janedoe
9148,131.22.48.220,71.145.27.121,30629,80,2025-03-01 09:46:33,johndoe
2544,27.203.240.55,238.72.237.255,44754,8080,2025-03-01 09:11:37,user1
5681,4.82.47.251,229.93.52.99,18135,8080,2025-03-01 09:28:39,user1
4626,140.174.251.224,60.218.118.124,58475,80,2025-03-01 09:57:53,user1
3516,175.163.209.14,87.117.230.11,33321,8080,2025-03-01 09:40:10,janedoe
3739,175.60.232.244,180.31.206.254,16487,443,2025-03-01 09:35:22,user1
6822,203.7.186.1,97.73.43.87,12849,80,2025-03-01 09:42:57,johndoe
9261,173.81.44.201,174.187.7.171,36352,443,2025-03-01 09:07:09,johndoe
8501,146.76.37.89,19.71.167.203,64522,443,2025-03-01 09:51:32,admin
2843,152.137.120.220,160.147.8.81,9338,80,2025-03-01 09:58:05,johndoe
9534,9.117.221.128,130.149.66.152,58858,8080,2025-03-01 09:23:03,admin
7240,22.145.177.231,161.234.18.225,7031,443,2025-03-01 09:12:13,user1
3381,140.205.229.199,123.100.95.13,62228,8080,2025-03-01 09:30:51,johndoe
3937,200.39.32.236,127.252.196.76,57189,8080,2025-03-01 09:39:13,janedoe
3430,128.78.66.163,133.100.252.19,52832,8080,2025-03-01 09:36:19,johndoe
5107,135.0.204.95,175.121.188.26,46604,443,2025-03-01 09:02:02,johndoe
7945,255.199.195.169,176.233.19.15,45130,80,2025-03-01 09:11:27,johndoe
5797,139.90.175.191,69.128.93.201,31215,8080,2025-03-01 09:26:54,user1
8316,91.150.95.126,163.68.137.200,55439,80,2025-03-01 09:59:08,user1
9013,246.52.174.207,43.133.40.167,13253,8080,2025-03-01 09:51:59,johndoe
6990,254.247.91.175,100.85.87.206,63025,8080,2025-03-01 09:15:07,user1
8575,136.189.52.114,221.54.200.189,24997,80,2025-03-01 09:44:05,janedoe
5602,68.197.166.8,157.164.249.147,55082,443,2025-03-01 09:15:18,admin
3535,79.61.38.57,234.246.247.84,4096,80,2025-03-01 09:35:36,johndoe
5843,61.137.19.44,215.186.107.201,21181,80,2025-03-01 09:22:12,johndoe
4568,28.167.167.103,28.110.88.187,41615,80,2025-03-01 09:55:48,janedoe
9791,187.49.121.218,115.162.23.8,63925,8080,2025-03-01 09:18:08,user1
9485,222.55.145.44,10.181.90.233,26119,8080,2025-03-01 09:36:07,admin
2029,152.242.30.67,194.244.3.139,24681,80,2025-03-01 09:16:02,johndoe
3274,42.70.169.219,107.29.166.212,52947,443,2025-03-01 09:36:47,janedoe
3102,77.85.70.252,181.172.172.143,36501,8080,2025-03-01 09:23:10,janedoe
1864,94.162.147.91,129.65.155.60,64438,80,2025-03-01 09:55:27,janedoe
7284,7.69.3.20,11.79.157.190,42912,80,2025-03-01 09:40:01,user1
9976,246.121.67.59,205.166.162.35,14678,80,2025-03-01 09:22:07,johndoe
9133,9.104.217.93,175.51.145.155,19660,8080,2025-03-01 09:35:49,janedoe
9653,151.251.73.255,247.113.216.229,59932,8080,2025-03-01 09:53:51,janedoe
1116,244.149.211.76,192.3.66.187,56465,8080,2025-03-01 09:50:25,user1
3867,95.147.107.35,135.111.88.54,49327,80,2025-03-01 09:12:59,admin
7859,103.101.77.210,82.239.125.66,51003,443,2025-03-01 09:21:35,admin
2775,51.224.58.19,227.217.253.87,42060,8080,2025-03-01 09:33:15,user1
1136,110.96.35.243,241.188.91.6,45205,443,2025-03-01 09:45:52,admin
7291,25.2.54.244,11.240.184.207,36542,80,2025-03-01 09:18:02,user1
2636,67.175.151.227,85.230.132.140,39980,80,2025-03-01 09:51:58,user1
7723,211.87.192.21,142.20.240.27,27679,80,2025-03-01 09:16:24,janedoe
3627,51.209.88.1,80.140.179.60,23401,443,2025-03-01 09:38:47,admin
6517,133.239.236.174,203.43.160.96,29125,8080,2025-03-01 09:28:30,user1
3354,145.30.102.186,119.75.123.77,49942,8080,2025-03-01 09:52:15,johndoe
2592,169.149.131.212,42.218.104.83,24710,80,2025-03-01 09:52:13,johndoe
15154,192.168.1.10,192.168.1.100,54321,8080,2025-03-01 09:01:02,admin
